"Epic","Feature","Story","FAILED","BROKEN","PASSED","SKIPPED","UNKNOWN"
"","风格妆_字段对照_And_PRE","00138_""zip链接"":2组数据比较","1","0","0","0","0"
"","风格妆_字段对照_And_PRE","00080_""风格妆包详情"":2组数据比较","1","0","0","0","0"
"","风格妆_字段对照_And_PRE","00117_""状态信息"":2组数据比较","0","0","1","0","0"
"","风格妆_字段对照_And_PRE","00055_""zip+md5"":2组数据比较","0","0","1","0","0"
"","风格妆_字段对照_And_PRE","00074_值获取","0","0","1","0","0"
"","风格妆_字段对照_And_PRE","00111_""实验gid"":2组数据比较","0","0","1","0","0"
"","风格妆_字段对照_And_PRE","00069_""解锁类型"":2组数据比较","0","0","1","0","0"
"","风格妆_字段对照_And_PRE","00066_""风格妆类型"":2组数据比较","0","0","1","0","0"
"","风格妆_字段对照_And_PRE","00091_""类型"":2组数据比较","0","0","1","0","0"
"","风格妆_字段对照_And_PRE","00070_"""":2组数据比较","0","0","1","0","0"
"","风格妆_字段对照_And_PRE","00032_"""":2组数据比较","0","0","1","0","0"
"","风格妆_字段对照_And_PRE","00115_""风格妆详情数据"":2组数据比较","1","0","0","0","0"
"","风格妆_字段对照_And_PRE","00119_""风格妆ID"":2组数据比较","0","0","1","0","0"
"","风格妆_字段对照_And_PRE","00027_""标签下架时间"":2组数据比较","0","0","1","0","0"
"","风格妆_字段对照_And_PRE","00116_""状态码"":2组数据比较","0","0","1","0","0"
"","风格妆_字段对照_And_PRE","00014_"""":2组数据比较","0","0","1","0","0"
"","风格妆_字段对照_And_PRE","00144_"""":2组数据比较","0","0","1","0","0"
"","风格妆_字段对照_And_PRE","00098_"""":2组数据比较","0","0","1","0","0"
"","风格妆_字段对照_And_PRE","00075_Response data获取","0","0","1","0","0"
"","风格妆_字段对照_And_PRE","00146_""是否VIP"":2组数据比较","0","0","1","0","0"
"","风格妆_字段对照_And_PRE","00147_""VIP的banner"":2组数据比较","0","0","1","0","0"
"","风格妆_字段对照_And_PRE","00047_""名称"":2组数据比较","0","0","1","0","0"
"","风格妆_字段对照_And_PRE","00053_""风格妆ICON"":2组数据比较","1","0","0","0","0"
"","风格妆_字段对照_And_PRE","00048_""风格妆ICON"":2组数据比较","1","0","0","0","0"
"","风格妆_字段对照_And_PRE","00042_""状态码"":2组数据比较","0","0","1","0","0"
"","风格妆_字段对照_And_PRE","00022_"""":2组数据比较","0","0","1","0","0"
"","风格妆_字段对照_And_PRE","00086_""风格妆ID"":2组数据比较","0","0","1","0","0"
"","风格妆_字段对照_And_PRE","00003_Response data获取","0","0","1","0","0"
"","风格妆_字段对照_And_PRE","00114_Response data获取","0","0","1","0","0"
"","风格妆_字段对照_And_PRE","00039_Response data获取","0","0","1","0","0"
"","风格妆_字段对照_And_PRE","00076_Response data获取","0","0","1","0","0"
"","风格妆_字段对照_And_PRE","00107_"""":2组数据比较","0","0","1","0","0"
"","风格妆_字段对照_And_PRE","00009_""服务端时间"":2组数据比较","0","0","1","0","0"
"","风格妆_字段对照_And_PRE","00050_""风格妆数据"":2组数据比较","1","0","0","0","0"
"","风格妆_字段对照_And_PRE","00135_"""":2组数据比较","0","0","1","0","0"
"","风格妆_字段对照_And_PRE","00005_""国家"":2组数据比较","0","0","1","0","0"
"","风格妆_字段对照_And_PRE","00078_""国家"":2组数据比较","0","0","1","0","0"
"","风格妆_字段对照_And_PRE","00031_"""":2组数据比较","0","0","1","0","0"
"","风格妆_字段对照_And_PRE","00068_""下架时间"":2组数据比较","0","0","1","0","0"
"","风格妆_字段对照_And_PRE","00030_"""":2组数据比较","0","0","1","0","0"
"","风格妆_字段对照_And_PRE","00093_""下架时间"":2组数据比较","0","0","1","0","0"
"","风格妆_字段对照_And_PRE","00002_Response data获取","0","0","1","0","0"
"","风格妆_字段对照_And_PRE","00017_""下架时间"":2组数据比较","0","0","1","0","0"
"","风格妆_字段对照_And_PRE","00134_""包ID"":2组数据比较","0","0","1","0","0"
"","风格妆_字段对照_And_PRE","00137_""md5"":2组数据比较","0","0","1","0","0"
"","风格妆_字段对照_And_PRE","00060_""包ID"":2组数据比较","0","0","1","0","0"
"","风格妆_字段对照_And_PRE","00010_""风格妆ID"":2组数据比较","0","0","1","0","0"
"","风格妆_字段对照_And_PRE","00051_""名称"":2组数据比较","0","0","1","0","0"
"","风格妆_字段对照_And_PRE","00124_""风格妆数据"":2组数据比较","1","0","0","0","0"
"","风格妆_字段对照_And_PRE","00029_"""":2组数据比较","0","0","1","0","0"
"","风格妆_字段对照_And_PRE","00071_"""":2组数据比较","0","0","1","0","0"
"","风格妆_字段对照_And_PRE","00083_""状态码"":2组数据比较","0","0","1","0","0"
"","风格妆_字段对照_And_PRE","00112_值获取","0","0","1","0","0"
"","风格妆_字段对照_And_PRE","00072_""是否VIP"":2组数据比较","0","0","1","0","0"
"","风格妆_字段对照_And_PRE","00132_""文件大小"":2组数据比较","0","0","1","0","0"
"","风格妆_字段对照_And_PRE","00012_""名称"":2组数据比较","1","0","0","0","0"
"","风格妆_字段对照_And_PRE","00126_""风格妆items-id"":2组数据比较","0","0","1","0","0"
"","风格妆_字段对照_And_PRE","00082_""风格妆排列顺序"":2组数据比较","1","0","0","0","0"
"","风格妆_字段对照_And_PRE","00102_"""":2组数据比较","1","0","0","0","0"
"","风格妆_字段对照_And_PRE","00108_"""":2组数据比较","0","0","1","0","0"
"","风格妆_字段对照_And_PRE","00019_""特殊icon装饰"":2组数据比较","0","0","1","0","0"
"","风格妆_字段对照_And_PRE","00123_"""":2组数据比较","0","0","1","0","0"
"","风格妆_字段对照_And_PRE","00106_"""":2组数据比较","0","0","1","0","0"
"","风格妆_字段对照_And_PRE","00011_"""":2组数据比较","0","0","1","0","0"
"","风格妆_字段对照_And_PRE","00059_""风格妆包list数据"":2组数据比较","1","0","0","0","0"
"","风格妆_字段对照_And_PRE","00024_""唯一标识关键词"":2组数据比较","0","0","1","0","0"
"","风格妆_字段对照_And_PRE","00065_""zip+md5"":2组数据比较","0","0","1","0","0"
"","风格妆_字段对照_And_PRE","00142_""下架时间"":2组数据比较","0","0","1","0","0"
"","风格妆_字段对照_And_PRE","00128_""zip链接"":2组数据比较","1","0","0","0","0"
"","风格妆_字段对照_And_PRE","00016_""上架时间"":2组数据比较","1","0","0","0","0"
"","风格妆_字段对照_And_PRE","00141_""上架时间"":2组数据比较","1","0","0","0","0"
"","风格妆_字段对照_And_PRE","00096_"""":2组数据比较","0","0","1","0","0"
"","风格妆_字段对照_And_PRE","00131_""zip+md5"":2组数据比较","0","0","1","0","0"
"","风格妆_字段对照_And_PRE","00104_"""":2组数据比较","1","0","0","0","0"
"","风格妆_字段对照_And_PRE","00103_"""":2组数据比较","1","0","0","0","0"
"","风格妆_字段对照_And_PRE","00081_""分类"":2组数据比较","0","0","1","0","0"
"","风格妆_字段对照_And_PRE","00045_""风格妆ID"":2组数据比较","0","0","1","0","0"
"","风格妆_字段对照_And_PRE","00095_"""":2组数据比较","0","0","1","0","0"
"","风格妆_字段对照_And_PRE","00099_"""":2组数据比较","0","0","1","0","0"
"","风格妆_字段对照_And_PRE","00089_""icon图URL"":2组数据比较","1","0","0","0","0"
"","风格妆_字段对照_And_PRE","00143_""解锁类型"":2组数据比较","0","0","1","0","0"
"","风格妆_字段对照_And_PRE","00129_""zip+md5"":2组数据比较","0","0","1","0","0"
"","风格妆_字段对照_And_PRE","00001_值获取","0","0","1","0","0"
"","风格妆_字段对照_And_PRE","00092_""上架时间"":2组数据比较","1","0","0","0","0"
"","风格妆_字段对照_And_PRE","00064_""zip链接"":2组数据比较","1","0","0","0","0"
"","风格妆_字段对照_And_PRE","00073_""VIP的banner"":2组数据比较","0","0","1","0","0"
"","风格妆_字段对照_And_PRE","00049_"""":2组数据比较","0","0","1","0","0"
"","风格妆_字段对照_And_PRE","00105_"""":2组数据比较","0","0","1","0","0"
"","风格妆_字段对照_And_PRE","00013_""风格妆icon"":2组数据比较","1","0","0","0","0"
"","风格妆_字段对照_And_PRE","00007_""状态码"":2组数据比较","0","0","1","0","0"
"","风格妆_字段对照_And_PRE","00020_""特殊icon"":2组数据比较","0","0","1","0","0"
"","风格妆_字段对照_And_PRE","00094_""解锁类型"":2组数据比较","0","0","1","0","0"
"","风格妆_字段对照_And_PRE","00052_""风格妆items-id"":2组数据比较","0","0","1","0","0"
"","风格妆_字段对照_And_PRE","00118_""服务端时间"":2组数据比较","0","0","1","0","0"
"","风格妆_字段对照_And_PRE","00087_"""":2组数据比较","0","0","1","0","0"
"","风格妆_字段对照_And_PRE","00034_"""":2组数据比较","1","0","0","0","0"
"","风格妆_字段对照_And_PRE","00090_"""":2组数据比较","0","0","1","0","0"
"","风格妆_字段对照_And_PRE","00041_""风格妆详情数据"":2组数据比较","1","0","0","0","0"
"","风格妆_字段对照_And_PRE","00133_""风格妆包list数据"":2组数据比较","1","0","0","0","0"
"","风格妆_字段对照_And_PRE","00063_""md5"":2组数据比较","0","0","1","0","0"
"","风格妆_字段对照_And_PRE","00056_""zip链接"":2组数据比较","1","0","0","0","0"
"","风格妆_字段对照_And_PRE","00036_""风格妆素材AB-tid"":2组数据比较","0","0","1","0","0"
"","风格妆_字段对照_And_PRE","00067_""上架时间"":2组数据比较","1","0","0","0","0"
"","风格妆_字段对照_And_PRE","00018_""解锁类型"":2组数据比较","0","0","1","0","0"
"","风格妆_字段对照_And_PRE","00127_""风格妆ICON"":2组数据比较","1","0","0","0","0"
"","风格妆_字段对照_And_PRE","00037_""风格妆素材AB-gid"":2组数据比较","0","0","1","0","0"
"","风格妆_字段对照_And_PRE","00136_""资源包"":2组数据比较","1","0","0","0","0"
"","风格妆_字段对照_And_PRE","00046_""描述"":2组数据比较","1","0","0","0","0"
"","风格妆_字段对照_And_PRE","00008_""状态信息"":2组数据比较","0","0","1","0","0"
"","风格妆_字段对照_And_PRE","00097_""是否VIP"":2组数据比较","0","0","1","0","0"
"","风格妆_字段对照_And_PRE","00088_""名称"":2组数据比较","1","0","0","0","0"
"","风格妆_字段对照_And_PRE","00038_值获取","0","0","1","0","0"
"","风格妆_字段对照_And_PRE","00140_""风格妆类型"":2组数据比较","0","0","1","0","0"
"","风格妆_字段对照_And_PRE","00145_"""":2组数据比较","0","0","1","0","0"
"","风格妆_字段对照_And_PRE","00035_""风格妆素材AB"":2组数据比较","0","0","1","0","0"
"","风格妆_字段对照_And_PRE","00130_""zip链接"":2组数据比较","1","0","0","0","0"
"","风格妆_字段对照_And_PRE","00026_""标签上架时间"":2组数据比较","0","0","1","0","0"
"","风格妆_字段对照_And_PRE","00085_""服务端时间"":2组数据比较","0","0","1","0","0"
"","风格妆_字段对照_And_PRE","00004_""风格装素材数据"":2组数据比较","1","0","0","0","0"
"","风格妆_字段对照_And_PRE","00023_"""":2组数据比较","0","0","1","0","0"
"","风格妆_字段对照_And_PRE","00077_""虚化素材数据"":2组数据比较","1","0","0","0","0"
"","风格妆_字段对照_And_PRE","00040_Response data获取","0","0","1","0","0"
"","风格妆_字段对照_And_PRE","00043_""状态信息"":2组数据比较","0","0","1","0","0"
"","风格妆_字段对照_And_PRE","00079_""接口拉取间隔时间（s）"":2组数据比较","0","0","1","0","0"
"","风格妆_字段对照_And_PRE","00057_""zip+md5"":2组数据比较","0","0","1","0","0"
"","风格妆_字段对照_And_PRE","00110_""实验tid"":2组数据比较","0","0","1","0","0"
"","风格妆_字段对照_And_PRE","00062_""资源包"":2组数据比较","1","0","0","0","0"
"","风格妆_字段对照_And_PRE","00021_""是否VIP"":2组数据比较","0","0","1","0","0"
"","风格妆_字段对照_And_PRE","00006_""接口拉取间隔时间（s）"":2组数据比较","0","0","1","0","0"
"","风格妆_字段对照_And_PRE","00015_""类型"":2组数据比较","0","0","1","0","0"
"","风格妆_字段对照_And_PRE","00025_""标签"":2组数据比较","0","0","1","0","0"
"","风格妆_字段对照_And_PRE","00109_""风格妆AB实验"":2组数据比较","0","0","1","0","0"
"","风格妆_字段对照_And_PRE","00084_""状态信息"":2组数据比较","0","0","1","0","0"
"","风格妆_字段对照_And_PRE","00100_"""":2组数据比较","0","0","1","0","0"
"","风格妆_字段对照_And_PRE","00121_""名称"":2组数据比较","0","0","1","0","0"
"","风格妆_字段对照_And_PRE","00120_""描述"":2组数据比较","1","0","0","0","0"
"","风格妆_字段对照_And_PRE","00058_""文件大小"":2组数据比较","0","0","1","0","0"
"","风格妆_字段对照_And_PRE","00028_""风格妆底色色值"":2组数据比较","0","0","1","0","0"
"","风格妆_字段对照_And_PRE","00044_""服务端时间"":2组数据比较","0","0","1","0","0"
"","风格妆_字段对照_And_PRE","00054_""zip链接"":2组数据比较","1","0","0","0","0"
"","风格妆_字段对照_And_PRE","00033_""分类"":2组数据比较","0","0","1","0","0"
"","风格妆_字段对照_And_PRE","00139_""zip+md5"":2组数据比较","0","0","1","0","0"
"","风格妆_字段对照_And_PRE","00113_Response data获取","0","0","1","0","0"
"","风格妆_字段对照_And_PRE","00125_""名称"":2组数据比较","0","0","1","0","0"
"","风格妆_字段对照_And_PRE","00061_"""":2组数据比较","0","0","1","0","0"
"","风格妆_字段对照_And_PRE","00122_""风格妆ICON"":2组数据比较","1","0","0","0","0"
"","风格妆_字段对照_And_PRE","00101_"""":2组数据比较","0","0","1","0","0"
